age,gender,time_spent,platform,interests,location,demographics,profession,income,indebt,isHomeOwner,Owns_Car
56,male,3,Instagram,Sports,United Kingdom,Urban,Software Engineer,19774,True,False,False
46,female,2,Facebook,Travel,United Kingdom,Urban,Student,10564,True,True,True
32,male,8,Instagram,Sports,Australia,Sub_Urban,Marketer Manager,13258,False,False,False
60,non-binary,5,Instagram,Travel,United Kingdom,Urban,Student,12500,False,True,False
25,male,1,Instagram,Lifestlye,Australia,Urban,Software Engineer,14566,False,True,True
38,male,3,Facebook,Travel,United States,Urban,Marketer Manager,19179,True,True,True
56,male,8,YouTube,Sports,United States,Urban,Student,16881,True,True,True
36,male,4,Instagram,Sports,Australia,Urban,Marketer Manager,13636,True,False,True
40,non-binary,7,YouTube,Lifestlye,Australia,Sub_Urban,Marketer Manager,16030,False,False,True
28,non-binary,2,Instagram,Sports,Australia,Sub_Urban,Marketer Manager,10223,True,False,True
28,female,7,YouTube,Lifestlye,United Kingdom,Urban,Student,16297,True,True,False
41,non-binary,5,Facebook,Sports,United States,Sub_Urban,Marketer Manager,10350,False,False,False
53,non-binary,5,Facebook,Sports,Australia,Rural,Student,17314,False,True,True
57,female,6,Instagram,Lifestlye,United Kingdom,Urban,Software Engineer,11928,False,True,False
41,non-binary,9,YouTube,Travel,United States,Rural,Student,17743,True,True,False
20,male,6,Facebook,Sports,United Kingdom,Sub_Urban,Software Engineer,18540,True,True,False
39,male,8,Instagram,Travel,United States,Sub_Urban,Student,14732,True,True,False
19,female,7,Instagram,Sports,United Kingdom,Rural,Marketer Manager,11017,False,True,True
41,female,9,Facebook,Sports,United States,Sub_Urban,Student,12226,False,False,False
61,female,4,Facebook,Sports,United States,Urban,Marketer Manager,17206,False,False,False
47,male,2,Instagram,Sports,United Kingdom,Rural,Software Engineer,17170,False,False,True
55,non-binary,7,YouTube,Travel,Australia,Urban,Student,16207,True,False,True
19,male,6,YouTube,Travel,United States,Rural,Marketer Manager,12419,True,True,True
38,female,1,YouTube,Sports,Australia,Sub_Urban,Software Engineer,16240,True,True,True
50,non-binary,9,Instagram,Sports,United Kingdom,Rural,Software Engineer,11893,True,False,False
29,non-binary,9,Facebook,Travel,Australia,Rural,Student,15322,True,False,True
39,male,2,Instagram,Lifestlye,Australia,Urban,Software Engineer,17718,True,False,False
61,female,3,Facebook,Lifestlye,Australia,Sub_Urban,Marketer Manager,16878,True,False,False
42,male,5,YouTube,Travel,Australia,Urban,Software Engineer,11125,True,False,True
44,non-binary,5,YouTube,Sports,Australia,Sub_Urban,Software Engineer,13117,False,False,True
59,male,1,Facebook,Sports,United States,Urban,Marketer Manager,14161,False,False,True
45,male,8,Facebook,Lifestlye,United States,Rural,Software Engineer,14042,True,False,True
33,female,8,Instagram,Lifestlye,United States,Urban,Software Engineer,14433,False,True,True
32,female,4,YouTube,Travel,United Kingdom,Sub_Urban,Software Engineer,18638,True,True,True
64,non-binary,7,Instagram,Lifestlye,Australia,Sub_Urban,Software Engineer,12658,True,True,False
61,male,3,Instagram,Travel,United States,Rural,Marketer Manager,13483,False,True,False
20,male,6,Instagram,Lifestlye,United Kingdom,Sub_Urban,Software Engineer,12944,True,False,False
54,male,9,YouTube,Lifestlye,United States,Urban,Marketer Manager,17210,True,True,False
24,non-binary,1,Instagram,Lifestlye,United States,Rural,Software Engineer,17653,True,False,True
38,non-binary,5,Instagram,Sports,Australia,Sub_Urban,Software Engineer,18787,True,True,True
26,female,4,Instagram,Sports,United Kingdom,Sub_Urban,Software Engineer,11986,True,False,False
56,female,8,Instagram,Sports,Australia,Urban,Software Engineer,11074,True,False,False
35,female,1,Instagram,Lifestlye,Australia,Urban,Marketer Manager,14305,True,True,False
21,male,9,Instagram,Travel,United States,Rural,Marketer Manager,13007,False,True,True
42,male,6,YouTube,Travel,Australia,Sub_Urban,Marketer Manager,10969,False,False,True
31,female,4,Instagram,Travel,United Kingdom,Urban,Student,18772,True,False,True
26,male,9,Facebook,Travel,Australia,Rural,Software Engineer,12824,False,False,False
43,female,5,Instagram,Sports,Australia,Sub_Urban,Software Engineer,11211,True,True,False
19,non-binary,5,Instagram,Sports,Australia,Sub_Urban,Marketer Manager,10229,True,True,True
37,female,5,YouTube,Lifestlye,United States,Rural,Student,14284,True,False,True
45,non-binary,1,YouTube,Lifestlye,United Kingdom,Rural,Software Engineer,13185,True,True,False
64,male,1,Facebook,Travel,United States,Urban,Marketer Manager,10501,False,False,False
24,female,8,Facebook,Sports,United States,Sub_Urban,Software Engineer,10048,False,True,True
61,male,8,YouTube,Travel,United States,Sub_Urban,Software Engineer,13566,False,True,False
25,non-binary,6,YouTube,Lifestlye,United States,Sub_Urban,Marketer Manager,13055,False,True,True
64,non-binary,4,Instagram,Lifestlye,United States,Rural,Marketer Manager,18880,True,True,True
52,non-binary,2,YouTube,Travel,United Kingdom,Urban,Software Engineer,10386,False,True,False
31,male,2,Facebook,Lifestlye,Australia,Sub_Urban,Software Engineer,10969,True,False,False
34,male,9,Instagram,Travel,United States,Rural,Marketer Manager,19197,True,False,False
53,male,5,Facebook,Sports,United States,Sub_Urban,Software Engineer,15820,False,True,True
57,male,4,Instagram,Travel,United Kingdom,Urban,Software Engineer,13052,True,False,False
21,non-binary,1,YouTube,Sports,United Kingdom,Sub_Urban,Marketer Manager,17397,False,False,False
19,non-binary,7,Facebook,Sports,Australia,Urban,Software Engineer,12302,False,True,True
23,female,3,Instagram,Lifestlye,United Kingdom,Urban,Software Engineer,12283,False,False,True
59,female,6,Instagram,Lifestlye,Australia,Sub_Urban,Student,19799,False,True,False
21,male,5,YouTube,Lifestlye,United States,Sub_Urban,Marketer Manager,14366,False,False,True
46,non-binary,5,YouTube,Travel,United States,Urban,Student,10122,True,False,True
35,non-binary,5,YouTube,Travel,Australia,Rural,Student,16799,False,False,True
43,non-binary,1,Facebook,Lifestlye,United Kingdom,Urban,Student,19472,False,False,False
61,female,1,Instagram,Travel,Australia,Sub_Urban,Software Engineer,13727,True,False,False
51,female,3,YouTube,Lifestlye,United Kingdom,Sub_Urban,Software Engineer,18450,False,False,True
27,non-binary,4,Facebook,Travel,United States,Rural,Student,19139,False,False,True
53,non-binary,5,Facebook,Sports,United Kingdom,Urban,Student,14958,True,True,True
31,non-binary,2,Facebook,Sports,Australia,Urban,Student,10524,True,True,False
48,female,8,YouTube,Lifestlye,Australia,Urban,Software Engineer,19079,False,True,True
32,non-binary,2,YouTube,Travel,United States,Sub_Urban,Student,18399,True,True,True
25,non-binary,9,Instagram,Travel,United Kingdom,Urban,Student,10148,False,False,False
31,male,2,Instagram,Sports,United Kingdom,Rural,Marketer Manager,18001,True,False,True
40,male,9,YouTube,Sports,United Kingdom,Sub_Urban,Marketer Manager,10437,False,False,False
57,female,7,Facebook,Lifestlye,United States,Sub_Urban,Software Engineer,13749,False,True,False
38,non-binary,8,Facebook,Sports,United Kingdom,Urban,Marketer Manager,18186,False,True,False
33,non-binary,2,Facebook,Lifestlye,Australia,Rural,Marketer Manager,14453,True,True,True
62,male,7,Instagram,Sports,United Kingdom,Sub_Urban,Marketer Manager,15336,False,False,True
35,female,6,Facebook,Sports,United States,Sub_Urban,Software Engineer,14551,True,True,False
64,male,4,Instagram,Travel,United Kingdom,Urban,Marketer Manager,12823,False,False,True
41,male,7,Instagram,Sports,United Kingdom,Urban,Software Engineer,15728,False,True,False
43,male,4,Facebook,Sports,Australia,Rural,Student,18677,False,False,True
42,male,2,Facebook,Lifestlye,United Kingdom,Urban,Marketer Manager,18391,False,True,False
62,non-binary,7,YouTube,Sports,Australia,Rural,Software Engineer,11982,False,False,False
58,non-binary,8,YouTube,Lifestlye,Australia,Sub_Urban,Marketer Manager,16996,True,True,True
46,male,2,Facebook,Sports,United States,Rural,Student,19663,True,True,True
32,female,5,Instagram,Sports,Australia,Rural,Software Engineer,12311,True,False,True
62,female,1,Instagram,Lifestlye,Australia,Rural,Software Engineer,17225,False,False,True
18,female,7,Instagram,Travel,United States,Sub_Urban,Software Engineer,19713,False,True,False
42,female,8,Instagram,Lifestlye,Australia,Urban,Student,10604,True,False,False
24,male,6,Instagram,Lifestlye,United States,Sub_Urban,Student,18175,False,True,True
26,non-binary,5,YouTube,Lifestlye,United Kingdom,Urban,Student,15785,False,False,True
41,female,6,Facebook,Travel,United States,Rural,Software Engineer,19609,False,True,False
18,male,2,YouTube,Sports,Australia,Rural,Student,14597,True,False,True
61,female,1,Instagram,Lifestlye,United States,Rural,Marketer Manager,17759,True,True,True
25,female,7,Instagram,Lifestlye,Australia,Rural,Student,17532,True,True,True
41,male,7,Instagram,Travel,United Kingdom,Rural,Software Engineer,18740,True,True,True
28,non-binary,2,Instagram,Lifestlye,United States,Urban,Marketer Manager,10838,True,False,False
34,non-binary,2,Facebook,Sports,United Kingdom,Urban,Student,13815,False,True,False
25,male,1,Instagram,Travel,Australia,Rural,Marketer Manager,10847,False,False,True
52,non-binary,8,Facebook,Sports,Australia,Sub_Urban,Marketer Manager,14709,False,False,False
52,male,8,Instagram,Sports,United Kingdom,Sub_Urban,Software Engineer,14507,False,False,True
50,male,1,Facebook,Travel,United States,Rural,Marketer Manager,16575,True,True,True
22,male,8,YouTube,Lifestlye,United States,Urban,Marketer Manager,14773,True,False,True
59,non-binary,9,Instagram,Sports,Australia,Sub_Urban,Software Engineer,14468,False,False,False
56,male,4,Facebook,Sports,United Kingdom,Sub_Urban,Software Engineer,15192,True,False,False
58,female,1,YouTube,Sports,United Kingdom,Sub_Urban,Software Engineer,13320,False,True,False
45,non-binary,1,Instagram,Sports,United States,Rural,Marketer Manager,14698,False,False,False
24,non-binary,3,Instagram,Travel,United States,Sub_Urban,Marketer Manager,14311,False,False,False
26,non-binary,5,Instagram,Travel,United States,Sub_Urban,Marketer Manager,13673,False,False,True
25,non-binary,5,Facebook,Sports,United Kingdom,Sub_Urban,Software Engineer,11564,True,False,True
29,female,9,Facebook,Lifestlye,United States,Sub_Urban,Student,11840,False,True,False
51,non-binary,2,YouTube,Sports,United States,Urban,Marketer Manager,16058,True,True,False
50,non-binary,2,Facebook,Lifestlye,Australia,Rural,Student,17131,False,False,False
40,male,6,Facebook,Sports,United States,Rural,Software Engineer,10726,False,False,True
41,non-binary,9,Instagram,Lifestlye,United States,Urban,Marketer Manager,19436,False,False,False
54,female,1,Instagram,Sports,United Kingdom,Urban,Student,16697,False,False,True
52,female,9,Instagram,Lifestlye,United Kingdom,Rural,Marketer Manager,19257,True,True,True
61,female,9,Instagram,Sports,Australia,Sub_Urban,Marketer Manager,10282,False,True,False
57,female,9,Instagram,Sports,United States,Sub_Urban,Marketer Manager,11081,True,True,True
39,non-binary,5,Instagram,Lifestlye,Australia,Rural,Student,13885,False,True,True
44,non-binary,9,Instagram,Travel,United Kingdom,Sub_Urban,Software Engineer,12881,False,False,False
52,female,4,YouTube,Lifestlye,Australia,Urban,Marketer Manager,12970,False,False,True
18,female,2,YouTube,Travel,United Kingdom,Sub_Urban,Software Engineer,19344,True,True,False
52,non-binary,6,YouTube,Sports,Australia,Sub_Urban,Software Engineer,16985,False,True,True
54,female,4,YouTube,Lifestlye,Australia,Sub_Urban,Student,10947,False,False,False
64,male,6,Instagram,Lifestlye,United States,Rural,Student,14760,False,False,False
31,female,3,YouTube,Lifestlye,Australia,Urban,Software Engineer,19909,False,False,True
20,female,6,Instagram,Travel,United States,Sub_Urban,Marketer Manager,10066,False,False,False
18,male,2,YouTube,Travel,United States,Rural,Student,18828,True,False,True
22,male,2,Facebook,Sports,United States,Sub_Urban,Marketer Manager,18505,True,True,True
43,non-binary,9,YouTube,Travel,United States,Urban,Marketer Manager,10564,False,True,False
31,non-binary,7,YouTube,Travel,Australia,Sub_Urban,Marketer Manager,19793,False,False,True
56,male,3,Instagram,Sports,United Kingdom,Urban,Software Engineer,19017,True,False,False
44,male,1,YouTube,Lifestlye,United Kingdom,Sub_Urban,Marketer Manager,13670,False,True,True
26,non-binary,8,Facebook,Lifestlye,United Kingdom,Urban,Software Engineer,19217,True,False,True
32,female,6,Instagram,Sports,Australia,Sub_Urban,Software Engineer,12251,False,True,False
32,male,7,Instagram,Lifestlye,United States,Urban,Marketer Manager,10804,False,True,True
43,non-binary,9,YouTube,Travel,United Kingdom,Sub_Urban,Marketer Manager,14631,True,True,True
59,female,5,Instagram,Sports,Australia,Sub_Urban,Marketer Manager,19583,False,True,True
30,male,1,Instagram,Sports,United States,Rural,Marketer Manager,11235,True,False,True
49,female,7,Instagram,Sports,United Kingdom,Rural,Software Engineer,16720,True,False,True
56,non-binary,5,Instagram,Lifestlye,United States,Urban,Marketer Manager,16906,True,True,True
49,male,3,Instagram,Sports,United Kingdom,Sub_Urban,Marketer Manager,16016,False,False,True
21,female,9,Instagram,Sports,United Kingdom,Urban,Software Engineer,13549,True,False,True
47,male,1,Facebook,Sports,United Kingdom,Rural,Student,17938,True,False,False
54,female,1,YouTube,Lifestlye,United States,Urban,Student,14141,False,False,True
40,non-binary,1,Facebook,Travel,Australia,Urban,Software Engineer,16966,False,True,True
56,non-binary,3,Instagram,Sports,United States,Rural,Student,19546,False,False,False
62,male,6,Instagram,Travel,United Kingdom,Sub_Urban,Software Engineer,15335,False,True,False
32,female,3,YouTube,Lifestlye,United States,Urban,Marketer Manager,15077,False,True,False
60,male,8,Facebook,Lifestlye,Australia,Rural,Marketer Manager,15611,False,False,True
46,male,2,YouTube,Lifestlye,United States,Sub_Urban,Student,18089,True,True,False
53,female,9,Facebook,Lifestlye,Australia,Rural,Marketer Manager,12892,False,False,False
30,female,3,Instagram,Travel,Australia,Urban,Student,15577,True,False,True
49,female,5,YouTube,Sports,United States,Sub_Urban,Student,13618,False,True,True
24,non-binary,8,YouTube,Lifestlye,United Kingdom,Sub_Urban,Marketer Manager,11559,True,False,False
39,male,2,Instagram,Lifestlye,Australia,Rural,Marketer Manager,16683,True,True,False
45,male,6,YouTube,Travel,United States,Rural,Student,11507,False,True,True
19,non-binary,5,Facebook,Travel,Australia,Rural,Marketer Manager,12063,False,False,True
59,female,9,Facebook,Lifestlye,United Kingdom,Sub_Urban,Software Engineer,13642,True,False,True
62,non-binary,5,Facebook,Sports,United States,Sub_Urban,Marketer Manager,12000,False,False,True
23,non-binary,2,Facebook,Sports,United States,Urban,Marketer Manager,11294,False,True,True
45,non-binary,5,Instagram,Lifestlye,United States,Sub_Urban,Software Engineer,14065,True,False,False
45,male,4,YouTube,Travel,United Kingdom,Urban,Marketer Manager,18014,True,True,True
61,non-binary,7,Facebook,Lifestlye,Australia,Rural,Marketer Manager,19945,True,True,True
61,male,6,Instagram,Lifestlye,United States,Rural,Student,11603,False,False,True
37,male,2,YouTube,Travel,Australia,Sub_Urban,Marketer Manager,11322,False,False,True
47,male,5,YouTube,Lifestlye,Australia,Rural,Marketer Manager,15956,False,False,True
28,female,7,Instagram,Lifestlye,United Kingdom,Rural,Software Engineer,12441,False,True,False
45,male,7,Instagram,Lifestlye,United States,Sub_Urban,Student,11098,True,False,True
42,male,5,Facebook,Travel,Australia,Urban,Student,15073,False,True,False
56,female,9,YouTube,Sports,United States,Sub_Urban,Student,19697,True,False,True
50,male,4,YouTube,Sports,United States,Urban,Marketer Manager,19318,False,False,False
18,non-binary,3,Instagram,Travel,United Kingdom,Sub_Urban,Student,18488,False,True,False
44,non-binary,4,YouTube,Sports,United States,Sub_Urban,Software Engineer,13787,True,True,True
30,male,5,Facebook,Lifestlye,United States,Rural,Student,12096,False,False,True
58,female,6,YouTube,Sports,Australia,Sub_Urban,Software Engineer,12208,False,False,True
20,non-binary,3,Instagram,Lifestlye,United Kingdom,Sub_Urban,Student,15988,True,False,True
56,female,2,Instagram,Sports,United States,Urban,Student,10175,False,False,True
23,female,4,Facebook,Travel,Australia,Rural,Software Engineer,17169,True,False,False
25,non-binary,5,Facebook,Sports,United Kingdom,Urban,Student,16014,True,True,True
44,female,4,YouTube,Sports,United Kingdom,Urban,Student,11667,True,True,True
26,non-binary,3,YouTube,Sports,Australia,Rural,Student,18867,True,True,False
54,female,8,Instagram,Travel,Australia,Rural,Marketer Manager,11823,False,True,True
50,non-binary,4,Facebook,Sports,Australia,Rural,Software Engineer,15147,False,False,False
59,male,2,Facebook,Travel,Australia,Sub_Urban,Student,11356,False,True,True
61,non-binary,2,Facebook,Lifestlye,Australia,Rural,Software Engineer,13072,True,True,False
41,non-binary,1,YouTube,Sports,United States,Rural,Software Engineer,13259,False,True,True
32,non-binary,4,Facebook,Travel,United States,Rural,Software Engineer,16199,False,False,False
49,non-binary,9,Instagram,Travel,United Kingdom,Urban,Student,10546,False,True,False
49,female,7,Instagram,Sports,United States,Urban,Student,15231,False,False,True
41,male,7,YouTube,Lifestlye,United States,Sub_Urban,Software Engineer,17965,True,True,True
58,non-binary,7,YouTube,Travel,United States,Urban,Marketer Manager,12083,True,False,True
29,female,8,Facebook,Sports,Australia,Sub_Urban,Software Engineer,12040,False,True,False
56,male,1,YouTube,Lifestlye,United Kingdom,Urban,Marketer Manager,14534,True,False,False
19,male,8,Instagram,Travel,United Kingdom,Rural,Software Engineer,11752,False,True,False
20,male,4,Facebook,Travel,United Kingdom,Urban,Software Engineer,19807,False,False,True
54,male,4,Instagram,Lifestlye,United Kingdom,Sub_Urban,Software Engineer,11849,False,False,True
34,non-binary,4,Facebook,Lifestlye,United States,Urban,Student,12642,True,True,False
19,non-binary,6,YouTube,Sports,United States,Rural,Marketer Manager,11600,False,False,True
19,female,7,Facebook,Sports,Australia,Sub_Urban,Marketer Manager,14402,True,False,False
45,female,6,Facebook,Travel,United Kingdom,Rural,Software Engineer,13799,True,True,True
40,female,1,Instagram,Lifestlye,United States,Rural,Student,10618,False,True,True
54,male,8,Instagram,Lifestlye,United States,Sub_Urban,Student,11132,True,False,False
49,male,7,Facebook,Lifestlye,Australia,Rural,Marketer Manager,15491,True,True,True
50,non-binary,6,YouTube,Travel,Australia,Rural,Student,15795,False,True,True
18,male,6,YouTube,Lifestlye,Australia,Urban,Marketer Manager,17633,True,True,True
36,male,5,Instagram,Lifestlye,United States,Rural,Marketer Manager,11487,True,False,True
19,male,6,YouTube,Travel,United States,Rural,Marketer Manager,17848,False,False,True
61,female,9,Instagram,Sports,Australia,Rural,Student,15009,False,False,False
43,female,9,YouTube,Sports,United Kingdom,Rural,Marketer Manager,19749,True,False,True
49,non-binary,8,Facebook,Travel,Australia,Sub_Urban,Marketer Manager,12113,False,False,False
23,male,9,Instagram,Lifestlye,Australia,Urban,Software Engineer,11044,False,False,True
49,male,8,Instagram,Travel,Australia,Rural,Marketer Manager,12431,True,False,True
21,non-binary,8,Facebook,Sports,Australia,Rural,Marketer Manager,17979,True,True,False
28,male,1,Instagram,Sports,United States,Sub_Urban,Software Engineer,11582,False,False,False
34,male,5,YouTube,Travel,United Kingdom,Rural,Software Engineer,11308,True,False,True
55,female,4,YouTube,Travel,Australia,Sub_Urban,Student,14917,False,True,True
41,non-binary,2,Instagram,Sports,United Kingdom,Urban,Marketer Manager,18793,False,True,False
22,non-binary,8,YouTube,Travel,United Kingdom,Urban,Student,11620,True,True,False
51,non-binary,3,Instagram,Sports,United Kingdom,Rural,Student,17503,True,False,False
23,non-binary,4,Facebook,Travel,Australia,Rural,Software Engineer,14766,False,True,False
39,female,7,Instagram,Travel,United States,Rural,Student,15362,False,False,True
28,female,9,Facebook,Travel,Australia,Sub_Urban,Marketer Manager,15192,False,False,True
33,male,2,YouTube,Sports,United Kingdom,Rural,Software Engineer,16622,False,False,True
50,male,3,Facebook,Travel,United Kingdom,Rural,Marketer Manager,16093,True,True,True
26,male,4,YouTube,Sports,United States,Urban,Marketer Manager,16704,False,True,True
23,male,1,Instagram,Sports,Australia,Rural,Software Engineer,10100,True,False,False
33,female,7,YouTube,Travel,United Kingdom,Urban,Marketer Manager,16657,True,False,False
46,non-binary,2,Instagram,Travel,United States,Rural,Software Engineer,15875,False,False,False
20,female,5,Instagram,Sports,United Kingdom,Urban,Marketer Manager,14271,True,True,True
37,male,1,Facebook,Sports,United States,Rural,Software Engineer,10237,True,False,False
53,female,3,Facebook,Lifestlye,United States,Urban,Student,17226,False,True,True
36,non-binary,2,Facebook,Sports,Australia,Sub_Urban,Marketer Manager,18032,True,False,True
43,non-binary,1,Facebook,Lifestlye,United Kingdom,Urban,Software Engineer,15218,True,True,True
20,female,7,YouTube,Lifestlye,Australia,Urban,Marketer Manager,14025,False,False,False
36,female,5,YouTube,Lifestlye,United Kingdom,Urban,Marketer Manager,16073,False,True,True
37,female,1,YouTube,Travel,Australia,Rural,Marketer Manager,12542,False,True,True
49,male,6,Instagram,Travel,United Kingdom,Rural,Software Engineer,11537,False,True,False
24,female,5,YouTube,Sports,Australia,Rural,Student,10754,False,True,True
58,female,3,YouTube,Lifestlye,United States,Sub_Urban,Student,17396,False,True,False
50,female,7,YouTube,Travel,United Kingdom,Sub_Urban,Student,17823,False,True,True
57,non-binary,9,Facebook,Travel,United Kingdom,Urban,Software Engineer,15507,True,False,False
56,non-binary,9,YouTube,Travel,United States,Sub_Urban,Student,14235,True,False,True
35,male,9,Instagram,Travel,Australia,Urban,Software Engineer,10540,False,False,True
57,male,2,Facebook,Travel,United Kingdom,Urban,Marketer Manager,15510,True,False,False
18,non-binary,3,Instagram,Lifestlye,United Kingdom,Urban,Marketer Manager,18461,True,True,True
28,non-binary,7,YouTube,Lifestlye,Australia,Sub_Urban,Student,17926,False,False,False
45,non-binary,5,Facebook,Lifestlye,United States,Rural,Software Engineer,15131,True,True,True
42,female,2,Instagram,Lifestlye,Australia,Sub_Urban,Marketer Manager,18697,False,True,False
40,female,3,YouTube,Sports,Australia,Urban,Software Engineer,11129,True,True,True
48,non-binary,6,Instagram,Lifestlye,Australia,Urban,Software Engineer,13145,False,False,True
47,female,7,Instagram,Travel,United Kingdom,Sub_Urban,Marketer Manager,18553,True,True,True
59,female,9,Instagram,Lifestlye,United States,Urban,Software Engineer,13720,True,False,False
52,male,1,YouTube,Sports,United States,Urban,Marketer Manager,19648,True,False,False
24,non-binary,7,YouTube,Travel,Australia,Sub_Urban,Marketer Manager,14067,False,False,False
33,non-binary,8,Instagram,Lifestlye,United Kingdom,Sub_Urban,Marketer Manager,14195,True,False,False
43,female,3,Facebook,Lifestlye,Australia,Sub_Urban,Software Engineer,19873,True,False,False
19,non-binary,4,Facebook,Lifestlye,United Kingdom,Urban,Marketer Manager,19244,False,True,True
18,male,6,YouTube,Travel,United Kingdom,Urban,Software Engineer,17281,False,True,True
29,male,7,YouTube,Travel,United Kingdom,Rural,Marketer Manager,12509,True,False,True
22,male,4,YouTube,Sports,United Kingdom,Rural,Marketer Manager,15016,True,True,True
54,non-binary,8,YouTube,Travel,United States,Sub_Urban,Student,16533,True,False,True
49,non-binary,5,YouTube,Travel,United Kingdom,Rural,Student,14727,True,True,False
26,non-binary,1,Facebook,Lifestlye,United Kingdom,Urban,Student,10681,False,True,True
58,non-binary,4,YouTube,Travel,Australia,Rural,Software Engineer,13932,True,True,False
52,non-binary,3,Instagram,Lifestlye,Australia,Urban,Software Engineer,15560,True,True,True
36,male,9,Instagram,Lifestlye,United States,Sub_Urban,Marketer Manager,14016,False,True,False
33,female,8,Facebook,Travel,Australia,Sub_Urban,Marketer Manager,17339,True,True,False
20,male,1,Instagram,Sports,United Kingdom,Urban,Marketer Manager,10719,True,True,False
37,non-binary,6,Facebook,Sports,Australia,Rural,Marketer Manager,10074,True,True,True
41,male,9,Facebook,Travel,United States,Sub_Urban,Software Engineer,19485,False,True,True
50,non-binary,7,Instagram,Sports,Australia,Sub_Urban,Marketer Manager,14157,False,True,True
41,non-binary,4,YouTube,Lifestlye,Australia,Rural,Marketer Manager,18511,True,True,True
28,male,1,Instagram,Lifestlye,United States,Rural,Student,12149,True,True,False
25,non-binary,2,Instagram,Travel,United States,Urban,Marketer Manager,19644,False,True,False
53,female,5,Facebook,Sports,United Kingdom,Rural,Marketer Manager,19747,True,False,False
55,non-binary,5,Instagram,Sports,Australia,Rural,Marketer Manager,16713,True,True,False
57,female,8,Facebook,Lifestlye,United Kingdom,Rural,Software Engineer,14207,False,True,True
37,female,6,YouTube,Travel,Australia,Urban,Student,17141,False,True,False
52,non-binary,8,YouTube,Sports,Australia,Urban,Marketer Manager,18652,False,True,True
42,male,2,YouTube,Travel,United Kingdom,Sub_Urban,Marketer Manager,19078,True,True,False
52,female,3,Instagram,Sports,Australia,Urban,Student,13936,True,True,False
42,male,6,Facebook,Lifestlye,Australia,Sub_Urban,Marketer Manager,19307,True,False,False
46,female,3,YouTube,Lifestlye,Australia,Rural,Software Engineer,11075,True,False,True
35,non-binary,6,Facebook,Travel,United States,Sub_Urban,Marketer Manager,13876,False,False,True
63,non-binary,6,Facebook,Lifestlye,United Kingdom,Sub_Urban,Software Engineer,14615,True,True,False
35,female,2,YouTube,Sports,United States,Rural,Software Engineer,17265,True,True,False
19,non-binary,7,YouTube,Lifestlye,United Kingdom,Sub_Urban,Marketer Manager,16379,False,True,False
52,female,2,Facebook,Travel,United Kingdom,Urban,Student,19118,False,False,True
33,non-binary,6,YouTube,Travel,Australia,Urban,Software Engineer,14652,True,True,True
58,male,1,Facebook,Travel,United Kingdom,Urban,Student,16792,False,True,True
53,non-binary,3,Facebook,Sports,United States,Urban,Marketer Manager,19247,False,False,False
50,male,2,YouTube,Sports,United States,Sub_Urban,Software Engineer,17456,True,False,True
21,non-binary,7,Instagram,Sports,United States,Sub_Urban,Marketer Manager,14674,True,True,False
50,male,4,YouTube,Sports,United Kingdom,Rural,Student,10541,True,True,True
31,non-binary,8,Instagram,Sports,United States,Sub_Urban,Marketer Manager,12161,True,True,False
38,male,6,Facebook,Lifestlye,United Kingdom,Sub_Urban,Marketer Manager,12251,False,True,False
37,female,4,Facebook,Sports,United States,Sub_Urban,Software Engineer,19244,False,False,True
25,female,5,Instagram,Sports,United States,Rural,Marketer Manager,14569,True,True,False
24,male,9,Facebook,Lifestlye,United Kingdom,Urban,Marketer Manager,12744,True,True,False
20,non-binary,7,Instagram,Sports,United States,Sub_Urban,Marketer Manager,16041,False,False,False
34,male,9,Instagram,Travel,Australia,Rural,Software Engineer,14675,True,True,True
50,non-binary,7,Facebook,Sports,United Kingdom,Rural,Student,11560,True,True,False
29,female,1,Instagram,Sports,United Kingdom,Rural,Student,11164,True,False,True
39,non-binary,8,YouTube,Travel,United Kingdom,Urban,Marketer Manager,15419,True,False,True
39,female,4,YouTube,Travel,Australia,Sub_Urban,Software Engineer,12722,False,True,False
63,non-binary,3,Facebook,Travel,United Kingdom,Rural,Marketer Manager,10470,True,False,True
47,non-binary,7,Facebook,Travel,United States,Urban,Student,19608,False,False,False
55,non-binary,3,Instagram,Sports,United States,Rural,Software Engineer,11468,True,True,True
55,male,8,Instagram,Travel,United States,Rural,Student,17925,True,False,False
62,male,6,Instagram,Travel,United Kingdom,Rural,Student,10808,False,True,True
25,female,5,Instagram,Lifestlye,United States,Rural,Software Engineer,18363,True,True,False
44,female,4,YouTube,Travel,United Kingdom,Rural,Software Engineer,16719,False,True,False
44,male,8,YouTube,Travel,United States,Urban,Marketer Manager,15073,True,True,False
51,female,8,Facebook,Lifestlye,Australia,Sub_Urban,Marketer Manager,18012,True,False,False
38,male,1,Instagram,Lifestlye,Australia,Sub_Urban,Student,11645,True,True,True
47,non-binary,9,Instagram,Sports,Australia,Sub_Urban,Software Engineer,18249,True,True,True
50,female,5,Facebook,Lifestlye,Australia,Sub_Urban,Software Engineer,11129,True,True,False
45,female,4,Instagram,Sports,United Kingdom,Urban,Marketer Manager,11353,False,True,True
64,male,6,Instagram,Lifestlye,United States,Urban,Student,10767,False,False,False
50,female,6,Instagram,Lifestlye,Australia,Urban,Student,13895,True,False,False
22,female,2,Instagram,Sports,United Kingdom,Rural,Marketer Manager,18874,True,False,True
36,non-binary,8,Instagram,Lifestlye,Australia,Rural,Software Engineer,13454,False,True,True
21,female,7,Facebook,Sports,Australia,Rural,Marketer Manager,17329,False,False,False
52,non-binary,1,Instagram,Lifestlye,United Kingdom,Sub_Urban,Marketer Manager,11790,True,False,True
34,male,5,Facebook,Travel,United Kingdom,Rural,Marketer Manager,19669,True,True,False
61,female,6,Instagram,Lifestlye,United States,Sub_Urban,Marketer Manager,10885,False,False,True
45,non-binary,4,YouTube,Sports,United States,Rural,Software Engineer,17734,True,True,True
47,male,2,YouTube,Lifestlye,Australia,Sub_Urban,Marketer Manager,13906,False,False,True
46,female,4,YouTube,Sports,Australia,Rural,Software Engineer,14492,True,False,True
63,male,1,YouTube,Sports,United States,Rural,Marketer Manager,19730,False,False,True
23,female,7,Facebook,Travel,United States,Urban,Student,12073,False,False,False
52,male,2,Facebook,Travel,United Kingdom,Rural,Software Engineer,10312,True,True,True
58,male,2,Instagram,Sports,United States,Rural,Student,16269,False,True,True
54,non-binary,9,YouTube,Lifestlye,United States,Urban,Marketer Manager,15317,True,False,False
41,male,5,Facebook,Sports,Australia,Sub_Urban,Marketer Manager,10810,True,True,False
46,female,2,Instagram,Sports,United States,Urban,Marketer Manager,16841,True,False,False
63,female,9,Instagram,Lifestlye,Australia,Urban,Software Engineer,12032,True,False,True
48,non-binary,9,Facebook,Lifestlye,United States,Sub_Urban,Student,19699,False,False,True
52,female,1,YouTube,Lifestlye,United Kingdom,Rural,Software Engineer,17129,True,False,False
50,female,3,Instagram,Lifestlye,United States,Sub_Urban,Software Engineer,12705,True,False,False
38,female,4,YouTube,Sports,United States,Rural,Marketer Manager,18788,True,False,False
49,male,7,YouTube,Sports,United States,Rural,Student,12147,True,True,False
40,male,4,YouTube,Travel,Australia,Sub_Urban,Marketer Manager,10615,False,True,True
50,female,2,Instagram,Sports,United Kingdom,Urban,Software Engineer,10947,True,False,True
20,non-binary,7,YouTube,Lifestlye,United States,Sub_Urban,Marketer Manager,15677,False,True,True
35,male,6,Instagram,Travel,Australia,Rural,Student,14651,False,False,True
42,non-binary,3,YouTube,Lifestlye,United Kingdom,Sub_Urban,Marketer Manager,17866,False,True,True
59,female,6,Instagram,Sports,Australia,Sub_Urban,Student,12013,True,True,False
48,female,6,YouTube,Travel,Australia,Rural,Student,13697,True,True,True
20,male,5,Facebook,Lifestlye,United Kingdom,Urban,Marketer Manager,10490,True,False,False
57,female,4,YouTube,Travel,United States,Sub_Urban,Software Engineer,14350,True,True,False
63,male,1,YouTube,Travel,Australia,Rural,Marketer Manager,12428,False,False,False
41,female,6,Instagram,Sports,Australia,Rural,Software Engineer,14987,False,False,True
49,female,2,Instagram,Lifestlye,United States,Sub_Urban,Software Engineer,18733,True,False,False
64,male,3,YouTube,Travel,United States,Urban,Marketer Manager,19479,True,True,True
39,male,8,Facebook,Travel,United Kingdom,Sub_Urban,Software Engineer,19825,True,True,False
40,male,6,Facebook,Lifestlye,United Kingdom,Urban,Software Engineer,14920,True,True,True
19,female,3,Instagram,Travel,United Kingdom,Urban,Marketer Manager,12926,True,False,False
44,female,7,Facebook,Travel,United States,Urban,Marketer Manager,19544,True,False,True
59,non-binary,4,YouTube,Travel,Australia,Urban,Marketer Manager,17282,True,True,False
19,male,9,Instagram,Lifestlye,Australia,Sub_Urban,Software Engineer,14376,False,False,False
43,female,5,YouTube,Lifestlye,United Kingdom,Rural,Student,19490,False,True,False
34,female,3,Instagram,Lifestlye,United States,Rural,Software Engineer,14868,False,True,False
57,male,2,Instagram,Lifestlye,Australia,Rural,Student,16986,False,True,True
50,non-binary,2,Instagram,Sports,United Kingdom,Rural,Marketer Manager,16862,True,True,True
26,male,3,Instagram,Travel,Australia,Rural,Student,14423,True,False,True
60,non-binary,2,Facebook,Lifestlye,Australia,Rural,Marketer Manager,16870,True,True,False
56,female,4,YouTube,Travel,United States,Sub_Urban,Marketer Manager,18159,True,True,False
46,non-binary,2,YouTube,Travel,United States,Urban,Student,12073,True,True,False
59,female,9,YouTube,Sports,Australia,Rural,Marketer Manager,16170,False,True,False
43,male,2,Instagram,Lifestlye,United Kingdom,Sub_Urban,Student,10701,True,True,False
52,male,9,Facebook,Lifestlye,United States,Rural,Marketer Manager,18113,False,True,False
42,male,6,YouTube,Travel,Australia,Rural,Software Engineer,16825,True,True,True
41,non-binary,1,Facebook,Lifestlye,United States,Urban,Software Engineer,17867,False,False,True
30,female,4,Instagram,Travel,United States,Urban,Marketer Manager,14264,True,False,True
24,male,1,YouTube,Travel,United States,Urban,Marketer Manager,17968,False,False,True
53,male,6,Facebook,Sports,Australia,Rural,Student,18146,True,False,True
62,female,4,Instagram,Sports,United Kingdom,Rural,Software Engineer,17776,True,True,True
37,male,3,Facebook,Sports,United Kingdom,Rural,Student,18558,True,False,True
18,female,3,YouTube,Travel,United Kingdom,Urban,Marketer Manager,18719,True,False,True
25,female,9,YouTube,Lifestlye,United States,Sub_Urban,Marketer Manager,14886,False,False,False
63,female,6,Instagram,Sports,Australia,Rural,Student,13935,True,True,False
33,female,9,Instagram,Lifestlye,United States,Rural,Marketer Manager,14619,False,False,False
31,female,5,Instagram,Sports,United Kingdom,Rural,Software Engineer,15191,True,False,False
29,non-binary,2,Facebook,Sports,United Kingdom,Sub_Urban,Student,16875,False,True,False
40,male,8,Facebook,Travel,Australia,Rural,Software Engineer,17856,True,False,False
32,non-binary,5,Facebook,Sports,United States,Sub_Urban,Software Engineer,15401,True,True,False
45,male,2,Instagram,Sports,United Kingdom,Rural,Software Engineer,13022,False,False,True
51,non-binary,4,YouTube,Travel,Australia,Sub_Urban,Student,15738,True,True,True
19,female,9,YouTube,Lifestlye,United States,Rural,Marketer Manager,15984,True,False,False
49,male,4,Facebook,Sports,United States,Urban,Software Engineer,11770,False,False,True
40,male,4,Facebook,Travel,United Kingdom,Urban,Software Engineer,19969,True,False,True
39,non-binary,2,YouTube,Sports,United Kingdom,Urban,Software Engineer,18989,False,True,True
42,non-binary,6,YouTube,Travel,United States,Urban,Marketer Manager,13215,True,False,True
39,male,2,Facebook,Lifestlye,United States,Rural,Marketer Manager,16694,False,True,True
39,non-binary,7,Facebook,Lifestlye,United Kingdom,Urban,Student,12976,False,True,False
59,non-binary,3,YouTube,Travel,United States,Sub_Urban,Marketer Manager,13737,False,True,True
23,non-binary,3,Instagram,Travel,United Kingdom,Urban,Student,19903,False,True,False
32,female,5,Facebook,Travel,United States,Urban,Student,10752,True,False,False
60,female,3,YouTube,Lifestlye,United Kingdom,Urban,Student,11392,True,False,False
54,non-binary,2,YouTube,Sports,Australia,Rural,Student,16789,False,False,True
50,non-binary,9,YouTube,Lifestlye,United Kingdom,Urban,Student,10677,True,True,False
25,female,2,YouTube,Travel,United Kingdom,Sub_Urban,Software Engineer,10105,True,False,False
61,female,2,Instagram,Travel,Australia,Urban,Marketer Manager,14753,True,True,False
61,male,8,YouTube,Lifestlye,United States,Urban,Software Engineer,11946,False,True,False
22,male,9,Facebook,Travel,Australia,Urban,Student,15544,True,True,True
56,female,7,Instagram,Lifestlye,United Kingdom,Sub_Urban,Marketer Manager,11095,True,False,False
21,non-binary,3,YouTube,Travel,United States,Urban,Software Engineer,16985,False,False,False
23,non-binary,9,Instagram,Sports,Australia,Sub_Urban,Software Engineer,11782,True,True,False
62,non-binary,3,Facebook,Sports,United States,Sub_Urban,Student,14541,False,False,False
49,non-binary,5,YouTube,Travel,United States,Urban,Software Engineer,13257,False,False,True
47,male,9,Facebook,Lifestlye,Australia,Sub_Urban,Software Engineer,16213,False,True,False
64,female,3,YouTube,Sports,United States,Rural,Software Engineer,14869,True,True,False
52,non-binary,7,YouTube,Lifestlye,Australia,Urban,Software Engineer,11561,True,False,False
57,male,1,YouTube,Travel,United Kingdom,Urban,Software Engineer,14006,False,True,False
33,non-binary,4,YouTube,Lifestlye,United States,Sub_Urban,Student,19867,False,True,False
30,female,4,YouTube,Sports,United Kingdom,Sub_Urban,Student,19314,False,False,False
59,male,7,Instagram,Lifestlye,United Kingdom,Urban,Software Engineer,13981,False,False,True
47,female,8,YouTube,Lifestlye,United States,Rural,Student,19493,False,True,False
36,female,1,YouTube,Travel,Australia,Sub_Urban,Student,15682,False,False,True
34,male,5,Instagram,Travel,United States,Sub_Urban,Marketer Manager,15782,True,True,True
36,male,7,Instagram,Travel,United Kingdom,Rural,Software Engineer,10943,False,True,False
45,male,4,Instagram,Sports,United Kingdom,Rural,Student,14550,False,False,True
43,male,4,Instagram,Sports,Australia,Urban,Student,19137,False,True,False
54,male,4,Instagram,Travel,United States,Rural,Software Engineer,10600,True,True,True
43,male,6,Instagram,Travel,United Kingdom,Urban,Marketer Manager,16376,True,True,False
40,male,7,YouTube,Sports,United Kingdom,Rural,Software Engineer,19609,True,False,True
26,non-binary,2,YouTube,Sports,United Kingdom,Sub_Urban,Marketer Manager,11524,True,False,True
29,female,5,Facebook,Sports,Australia,Urban,Software Engineer,13766,False,False,False
18,male,4,YouTube,Sports,United Kingdom,Urban,Software Engineer,10250,True,True,True
18,non-binary,3,YouTube,Travel,United Kingdom,Urban,Software Engineer,19736,False,True,True
64,non-binary,7,Instagram,Sports,United States,Rural,Software Engineer,10078,False,False,True
51,non-binary,6,Instagram,Travel,United States,Sub_Urban,Marketer Manager,13123,False,False,True
49,female,7,YouTube,Lifestlye,United Kingdom,Urban,Marketer Manager,19089,False,False,True
42,male,5,Facebook,Lifestlye,United Kingdom,Urban,Student,17064,False,True,False
57,non-binary,6,Instagram,Sports,United States,Urban,Software Engineer,18417,False,False,True
62,female,5,YouTube,Lifestlye,Australia,Urban,Marketer Manager,11209,True,True,True
18,female,7,YouTube,Lifestlye,Australia,Sub_Urban,Marketer Manager,15153,True,False,False
33,female,2,Facebook,Lifestlye,Australia,Rural,Marketer Manager,14898,True,True,False
56,non-binary,5,Facebook,Sports,Australia,Sub_Urban,Software Engineer,12178,True,True,False
22,male,6,Instagram,Sports,Australia,Urban,Student,17610,True,False,True
39,non-binary,6,Facebook,Lifestlye,Australia,Sub_Urban,Marketer Manager,18895,False,True,True
46,non-binary,5,YouTube,Travel,Australia,Urban,Software Engineer,12544,True,False,True
20,male,7,YouTube,Lifestlye,Australia,Rural,Marketer Manager,15522,True,True,True
29,male,8,Facebook,Sports,United States,Rural,Marketer Manager,12370,True,True,False
43,male,7,Facebook,Sports,Australia,Rural,Student,13281,False,False,False
33,female,5,Facebook,Sports,Australia,Urban,Marketer Manager,14710,False,True,True
54,male,1,Facebook,Lifestlye,Australia,Sub_Urban,Marketer Manager,10328,False,False,True
39,non-binary,5,Instagram,Travel,United Kingdom,Rural,Software Engineer,15579,True,False,True
46,male,2,Facebook,Sports,United States,Urban,Software Engineer,14228,True,False,True
31,non-binary,5,Instagram,Sports,United States,Urban,Student,16794,True,True,False
45,female,5,YouTube,Lifestlye,United States,Sub_Urban,Software Engineer,10120,True,True,False
22,non-binary,2,Facebook,Travel,Australia,Rural,Software Engineer,16749,True,True,True
64,non-binary,5,Instagram,Lifestlye,Australia,Urban,Student,10964,False,False,False
47,male,4,Facebook,Sports,United Kingdom,Sub_Urban,Marketer Manager,14224,True,False,True
63,male,1,YouTube,Travel,United States,Rural,Student,13675,False,True,True
22,non-binary,3,YouTube,Travel,Australia,Sub_Urban,Software Engineer,15694,True,True,False
29,male,1,YouTube,Sports,United States,Sub_Urban,Student,12076,False,False,True
33,female,5,Facebook,Travel,United Kingdom,Urban,Marketer Manager,16865,False,True,False
43,female,4,Facebook,Travel,United Kingdom,Urban,Student,15643,False,False,True
43,male,7,Instagram,Lifestlye,United Kingdom,Urban,Software Engineer,18524,False,True,False
38,female,5,YouTube,Sports,United States,Sub_Urban,Software Engineer,15249,True,False,True
56,male,4,Facebook,Sports,Australia,Urban,Student,11316,True,True,False
53,non-binary,2,YouTube,Sports,Australia,Sub_Urban,Marketer Manager,11196,True,True,True
50,non-binary,4,YouTube,Sports,United Kingdom,Sub_Urban,Student,13170,False,False,True
47,female,2,Instagram,Sports,Australia,Urban,Marketer Manager,19621,True,False,False
54,male,8,Instagram,Travel,United Kingdom,Rural,Marketer Manager,10355,True,False,True
40,male,3,Instagram,Lifestlye,United States,Rural,Student,19718,True,True,False
27,female,9,Instagram,Sports,United Kingdom,Rural,Marketer Manager,10028,True,False,False
22,non-binary,4,YouTube,Lifestlye,United States,Sub_Urban,Software Engineer,11013,False,False,True
53,female,6,Instagram,Lifestlye,United Kingdom,Sub_Urban,Student,19019,False,True,True
51,non-binary,5,Instagram,Travel,Australia,Sub_Urban,Marketer Manager,12024,True,False,True
48,male,1,Instagram,Sports,Australia,Urban,Software Engineer,18490,True,False,True
27,non-binary,9,Instagram,Travel,United Kingdom,Sub_Urban,Student,15839,True,False,False
36,female,1,YouTube,Sports,Australia,Urban,Software Engineer,15791,False,True,True
49,male,8,Instagram,Travel,Australia,Urban,Software Engineer,10754,False,True,True
18,female,9,YouTube,Lifestlye,Australia,Rural,Software Engineer,18961,False,True,True
22,female,9,Facebook,Sports,United States,Rural,Marketer Manager,13735,True,False,False
62,non-binary,1,YouTube,Lifestlye,Australia,Rural,Student,11238,False,True,True
21,female,2,YouTube,Lifestlye,United States,Urban,Student,11906,False,False,False
33,non-binary,1,Instagram,Travel,United Kingdom,Urban,Marketer Manager,17399,False,False,True
41,male,2,Facebook,Sports,Australia,Urban,Student,17961,False,False,False
33,non-binary,8,Facebook,Lifestlye,Australia,Sub_Urban,Software Engineer,19756,False,True,True
19,male,5,Facebook,Travel,Australia,Urban,Student,19410,True,True,True
45,non-binary,7,Facebook,Sports,United Kingdom,Rural,Marketer Manager,14601,True,False,False
49,female,2,YouTube,Sports,United States,Rural,Software Engineer,19549,True,False,True
44,non-binary,8,Facebook,Lifestlye,United States,Urban,Marketer Manager,11460,True,True,True
37,non-binary,6,YouTube,Sports,Australia,Urban,Software Engineer,17669,False,True,True
41,male,8,YouTube,Lifestlye,United Kingdom,Rural,Software Engineer,11416,True,True,False
29,female,1,YouTube,Sports,United Kingdom,Urban,Student,17766,True,False,True
52,non-binary,1,Facebook,Travel,United Kingdom,Rural,Software Engineer,11428,True,True,False
50,female,7,Instagram,Lifestlye,United Kingdom,Sub_Urban,Marketer Manager,14378,False,True,False
50,non-binary,8,Instagram,Lifestlye,United Kingdom,Rural,Student,17529,True,True,False
60,non-binary,3,Facebook,Sports,United States,Sub_Urban,Marketer Manager,14474,False,False,True
54,female,5,Instagram,Sports,United States,Urban,Software Engineer,13071,False,True,False
29,non-binary,1,Instagram,Lifestlye,United States,Urban,Marketer Manager,10555,False,False,False
20,female,7,YouTube,Sports,Australia,Sub_Urban,Marketer Manager,18547,True,False,True
18,non-binary,5,YouTube,Travel,United Kingdom,Urban,Software Engineer,11563,False,False,False
50,male,8,Facebook,Sports,Australia,Sub_Urban,Student,11040,True,True,False
57,female,8,Facebook,Travel,United Kingdom,Urban,Marketer Manager,12686,True,True,True
27,non-binary,9,Instagram,Travel,United States,Rural,Software Engineer,12553,True,True,True
60,non-binary,7,YouTube,Travel,Australia,Urban,Student,11779,False,False,False
61,male,1,Facebook,Travel,United States,Rural,Student,10075,False,True,True
46,female,3,Facebook,Travel,United Kingdom,Rural,Student,14326,True,False,True
30,non-binary,8,Facebook,Sports,United Kingdom,Sub_Urban,Marketer Manager,15835,False,True,True
29,male,3,Facebook,Travel,United Kingdom,Urban,Marketer Manager,15057,False,True,False
48,non-binary,8,Facebook,Sports,United States,Sub_Urban,Marketer Manager,12349,False,True,False
63,female,1,Facebook,Travel,United Kingdom,Urban,Student,12773,True,True,True
19,non-binary,5,Instagram,Lifestlye,United States,Rural,Marketer Manager,12262,False,False,False
52,non-binary,4,YouTube,Travel,Australia,Rural,Software Engineer,13229,False,False,True
40,non-binary,5,YouTube,Lifestlye,United Kingdom,Urban,Marketer Manager,10392,True,False,True
34,non-binary,8,Facebook,Travel,United Kingdom,Urban,Marketer Manager,11108,False,False,True
43,male,4,YouTube,Travel,United Kingdom,Sub_Urban,Student,14362,True,True,True
25,male,4,YouTube,Travel,Australia,Urban,Marketer Manager,15188,False,False,True
46,female,3,YouTube,Lifestlye,United Kingdom,Urban,Software Engineer,18802,False,False,False
43,male,7,Facebook,Lifestlye,United States,Urban,Student,15057,False,False,False
27,male,3,Facebook,Travel,United States,Sub_Urban,Software Engineer,13998,False,True,False
43,female,3,YouTube,Sports,United Kingdom,Urban,Student,18864,False,False,False
51,male,5,YouTube,Travel,United Kingdom,Rural,Student,16566,False,False,True
58,male,5,Facebook,Lifestlye,Australia,Sub_Urban,Marketer Manager,13677,True,True,True
24,female,6,Instagram,Travel,Australia,Sub_Urban,Software Engineer,15796,False,True,False
21,female,8,YouTube,Lifestlye,Australia,Rural,Student,16363,False,False,False
62,female,6,Instagram,Lifestlye,United Kingdom,Rural,Marketer Manager,18123,False,False,True
28,non-binary,1,YouTube,Lifestlye,Australia,Rural,Student,18222,True,True,True
46,non-binary,8,Instagram,Travel,Australia,Urban,Student,17690,True,False,True
53,female,8,Instagram,Lifestlye,United States,Rural,Student,11400,True,True,False
42,female,9,Instagram,Lifestlye,Australia,Urban,Student,14071,False,False,True
38,female,9,Facebook,Travel,United States,Sub_Urban,Student,18808,False,False,True
53,non-binary,2,Instagram,Lifestlye,United States,Sub_Urban,Student,12786,True,False,False
27,non-binary,2,Instagram,Travel,Australia,Rural,Marketer Manager,17169,True,False,False
54,male,3,Instagram,Lifestlye,United States,Urban,Student,10870,True,False,False
26,male,1,YouTube,Sports,United Kingdom,Rural,Software Engineer,14196,False,True,True
41,female,4,Instagram,Sports,United Kingdom,Rural,Marketer Manager,19604,True,True,True
52,non-binary,4,YouTube,Lifestlye,Australia,Urban,Software Engineer,12739,False,False,False
52,non-binary,9,Instagram,Sports,United Kingdom,Rural,Student,10940,False,False,True
53,non-binary,9,Instagram,Travel,United States,Sub_Urban,Software Engineer,10340,False,False,True
35,female,9,Facebook,Sports,United Kingdom,Rural,Student,17422,True,True,True
56,male,7,YouTube,Lifestlye,Australia,Urban,Student,14133,False,True,False
49,female,2,Instagram,Lifestlye,Australia,Urban,Marketer Manager,10659,True,True,False
41,male,5,YouTube,Travel,United States,Sub_Urban,Marketer Manager,19752,True,True,True
40,male,4,YouTube,Lifestlye,Australia,Urban,Student,13457,True,True,True
49,female,8,Facebook,Travel,United Kingdom,Urban,Marketer Manager,19848,True,True,True
54,male,2,Facebook,Sports,Australia,Sub_Urban,Software Engineer,12975,False,True,True
29,male,6,Facebook,Sports,United States,Rural,Marketer Manager,19241,False,True,False
30,non-binary,5,Facebook,Travel,Australia,Sub_Urban,Marketer Manager,10453,False,False,False
40,male,2,Facebook,Travel,United Kingdom,Rural,Software Engineer,19896,False,True,True
42,female,1,Facebook,Lifestlye,United States,Sub_Urban,Marketer Manager,18184,True,True,True
52,female,8,Facebook,Sports,United Kingdom,Rural,Student,15442,True,True,False
58,male,2,Facebook,Travel,United States,Sub_Urban,Software Engineer,10818,True,True,True
47,non-binary,7,Instagram,Sports,Australia,Rural,Student,14868,True,False,False
34,non-binary,9,YouTube,Travel,United States,Sub_Urban,Software Engineer,10012,False,True,True
37,male,9,Facebook,Sports,United States,Rural,Student,17727,True,False,False
42,male,8,Facebook,Lifestlye,Australia,Sub_Urban,Student,10920,False,False,True
39,female,9,YouTube,Sports,United Kingdom,Urban,Marketer Manager,14920,True,False,True
30,male,2,Instagram,Sports,Australia,Rural,Student,12418,True,True,False
36,non-binary,6,YouTube,Sports,United States,Sub_Urban,Marketer Manager,19506,True,True,False
53,male,4,YouTube,Sports,Australia,Rural,Software Engineer,16475,True,True,True
29,female,4,Facebook,Sports,United States,Rural,Student,12017,False,False,True
58,female,5,YouTube,Lifestlye,Australia,Sub_Urban,Student,17957,False,False,False
36,female,3,YouTube,Travel,Australia,Rural,Software Engineer,19420,False,False,False
29,female,1,Facebook,Sports,United Kingdom,Sub_Urban,Software Engineer,14792,False,False,True
26,female,8,Facebook,Lifestlye,United States,Urban,Student,16830,True,True,True
24,male,5,Facebook,Sports,United Kingdom,Rural,Software Engineer,12434,True,True,False
45,male,3,Facebook,Sports,United States,Urban,Marketer Manager,12868,False,True,False
31,male,7,YouTube,Travel,Australia,Rural,Software Engineer,11438,False,False,False
48,male,7,YouTube,Sports,United States,Rural,Software Engineer,13543,True,False,False
36,female,1,Instagram,Lifestlye,United Kingdom,Rural,Student,11781,True,True,False
64,non-binary,9,Instagram,Lifestlye,United Kingdom,Sub_Urban,Marketer Manager,16343,False,True,True
33,male,2,YouTube,Travel,United Kingdom,Urban,Software Engineer,12263,False,False,True
22,non-binary,5,Instagram,Sports,United States,Rural,Marketer Manager,10211,False,True,False
52,male,5,YouTube,Lifestlye,United Kingdom,Sub_Urban,Marketer Manager,18699,True,True,True
29,male,8,Instagram,Sports,United Kingdom,Rural,Marketer Manager,16159,False,False,True
42,non-binary,8,Facebook,Sports,United Kingdom,Sub_Urban,Student,17027,False,False,False
38,female,7,Instagram,Sports,Australia,Rural,Software Engineer,10331,False,False,True
53,male,7,Facebook,Travel,Australia,Urban,Student,16860,False,True,True
40,male,6,Facebook,Sports,United States,Urban,Software Engineer,18044,False,False,True
33,male,6,Facebook,Lifestlye,United States,Rural,Software Engineer,18169,True,True,False
56,non-binary,9,Facebook,Sports,United Kingdom,Sub_Urban,Student,18742,False,True,False
62,female,6,Instagram,Lifestlye,Australia,Rural,Marketer Manager,15720,True,False,True
59,non-binary,2,YouTube,Sports,United Kingdom,Sub_Urban,Marketer Manager,19133,False,True,True
56,non-binary,2,Facebook,Lifestlye,United Kingdom,Rural,Software Engineer,10727,False,False,True
31,female,5,Instagram,Lifestlye,Australia,Sub_Urban,Student,14975,False,False,True
48,non-binary,4,Facebook,Sports,Australia,Urban,Marketer Manager,13243,True,True,True
22,female,2,Instagram,Sports,Australia,Rural,Marketer Manager,10648,True,True,True
52,male,3,Instagram,Lifestlye,United States,Urban,Software Engineer,15095,True,False,False
40,female,7,Instagram,Travel,United States,Urban,Software Engineer,16614,False,False,True
46,male,8,YouTube,Sports,United Kingdom,Rural,Student,17135,False,False,True
60,non-binary,6,Instagram,Travel,United States,Rural,Software Engineer,11009,True,False,False
28,non-binary,5,Instagram,Sports,Australia,Sub_Urban,Marketer Manager,11550,True,False,True
35,male,1,YouTube,Sports,Australia,Sub_Urban,Marketer Manager,18995,False,False,True
64,non-binary,8,YouTube,Sports,United States,Urban,Marketer Manager,17492,True,True,True
29,female,3,Instagram,Sports,United Kingdom,Sub_Urban,Marketer Manager,13401,False,True,True
26,male,6,YouTube,Travel,United Kingdom,Sub_Urban,Student,17447,True,True,False
27,non-binary,3,Facebook,Sports,United States,Rural,Student,15424,True,True,True
61,male,7,Facebook,Lifestlye,United Kingdom,Sub_Urban,Software Engineer,14241,True,False,False
34,female,7,YouTube,Lifestlye,United Kingdom,Urban,Software Engineer,13161,False,True,True
55,female,9,YouTube,Travel,United Kingdom,Sub_Urban,Software Engineer,14155,False,True,True
24,non-binary,5,Instagram,Sports,Australia,Urban,Student,17478,True,False,False
63,female,8,YouTube,Lifestlye,Australia,Rural,Marketer Manager,18719,False,True,True
30,male,8,Instagram,Travel,United States,Urban,Software Engineer,19215,False,False,False
57,female,1,Facebook,Sports,Australia,Sub_Urban,Marketer Manager,16617,False,False,False
59,male,5,YouTube,Lifestlye,United Kingdom,Rural,Software Engineer,15660,False,False,False
26,male,3,Instagram,Lifestlye,Australia,Sub_Urban,Software Engineer,18624,True,False,True
44,female,1,Instagram,Travel,United States,Rural,Software Engineer,11176,False,False,True
19,non-binary,4,Facebook,Sports,Australia,Rural,Software Engineer,17956,False,True,True
22,female,8,YouTube,Sports,United Kingdom,Sub_Urban,Software Engineer,18592,True,True,True
46,male,3,Facebook,Lifestlye,United Kingdom,Sub_Urban,Marketer Manager,12233,False,True,False
54,male,2,Instagram,Lifestlye,United States,Rural,Software Engineer,14700,False,False,True
55,female,9,Instagram,Lifestlye,Australia,Rural,Marketer Manager,15906,False,True,True
36,non-binary,5,YouTube,Sports,Australia,Sub_Urban,Student,17860,True,True,False
25,non-binary,7,Instagram,Travel,Australia,Urban,Software Engineer,17526,True,True,False
62,male,2,YouTube,Travel,United Kingdom,Sub_Urban,Marketer Manager,15559,False,True,True
18,male,9,Facebook,Sports,United States,Rural,Student,16732,False,False,False
39,non-binary,9,YouTube,Travel,Australia,Sub_Urban,Student,12513,True,True,False
34,female,4,YouTube,Lifestlye,United Kingdom,Urban,Student,17830,True,False,False
24,male,4,Instagram,Travel,United Kingdom,Sub_Urban,Marketer Manager,19965,True,False,False
42,male,6,Instagram,Travel,United Kingdom,Rural,Software Engineer,16944,False,True,False
62,non-binary,6,YouTube,Travel,Australia,Sub_Urban,Software Engineer,17910,False,False,True
21,female,1,Instagram,Lifestlye,Australia,Rural,Marketer Manager,15649,True,False,True
53,non-binary,9,Instagram,Sports,Australia,Rural,Software Engineer,11096,False,False,True
23,female,2,Instagram,Lifestlye,Australia,Sub_Urban,Marketer Manager,19120,False,False,True
48,female,5,YouTube,Sports,Australia,Rural,Software Engineer,11951,False,False,True
36,female,9,Instagram,Sports,Australia,Rural,Student,19746,False,False,True
61,male,4,YouTube,Sports,Australia,Urban,Software Engineer,19186,False,False,True
56,non-binary,3,Instagram,Travel,Australia,Urban,Marketer Manager,17799,False,True,False
44,non-binary,7,Facebook,Travel,Australia,Urban,Marketer Manager,18804,False,True,True
27,female,6,Instagram,Sports,United Kingdom,Urban,Student,10595,True,False,True
43,male,8,Instagram,Sports,Australia,Rural,Marketer Manager,17875,True,False,True
36,male,3,YouTube,Travel,United States,Sub_Urban,Software Engineer,19033,True,True,False
56,non-binary,5,YouTube,Lifestlye,United Kingdom,Rural,Software Engineer,14439,True,True,True
20,male,4,Instagram,Sports,Australia,Rural,Student,15972,True,True,True
62,male,4,Facebook,Lifestlye,United States,Rural,Marketer Manager,10858,True,True,False
30,female,4,Instagram,Travel,Australia,Sub_Urban,Student,15519,True,False,True
45,male,8,Instagram,Sports,United States,Urban,Software Engineer,17385,True,False,True
37,female,6,Facebook,Lifestlye,United States,Rural,Student,18636,True,True,False
45,non-binary,3,YouTube,Lifestlye,United States,Rural,Marketer Manager,19980,False,True,True
25,male,5,Instagram,Lifestlye,United States,Urban,Student,14317,False,True,False
58,non-binary,6,YouTube,Travel,United Kingdom,Rural,Marketer Manager,13454,True,True,True
56,non-binary,5,YouTube,Travel,United Kingdom,Sub_Urban,Marketer Manager,11030,False,False,True
18,male,6,Facebook,Lifestlye,United States,Rural,Software Engineer,19487,False,True,True
20,male,8,Facebook,Lifestlye,Australia,Rural,Software Engineer,17906,True,True,False
30,non-binary,7,YouTube,Travel,United States,Urban,Software Engineer,11447,True,True,False
45,male,5,Instagram,Lifestlye,United Kingdom,Rural,Marketer Manager,12850,True,False,False
42,female,6,YouTube,Lifestlye,Australia,Rural,Student,18106,False,False,True
50,female,4,Instagram,Travel,United Kingdom,Sub_Urban,Marketer Manager,17151,False,False,True
55,male,9,Instagram,Lifestlye,United Kingdom,Urban,Software Engineer,19503,True,True,False
23,non-binary,4,Facebook,Lifestlye,Australia,Urban,Software Engineer,16952,False,True,False
61,male,1,Instagram,Lifestlye,United States,Sub_Urban,Student,14055,False,True,True
62,male,7,Instagram,Travel,United States,Rural,Software Engineer,15402,False,False,True
49,non-binary,7,YouTube,Lifestlye,United States,Urban,Software Engineer,19281,True,False,True
62,non-binary,4,Facebook,Travel,United States,Urban,Software Engineer,11672,False,True,True
64,female,3,Instagram,Travel,Australia,Rural,Student,14532,False,True,False
38,non-binary,8,Instagram,Sports,Australia,Rural,Marketer Manager,14924,False,False,True
33,female,5,Facebook,Sports,Australia,Urban,Software Engineer,16085,False,True,True
38,non-binary,7,YouTube,Lifestlye,United Kingdom,Rural,Student,17734,False,True,True
28,male,4,Facebook,Travel,Australia,Urban,Software Engineer,14864,False,True,True
54,female,4,Facebook,Sports,United States,Rural,Student,19316,False,False,True
53,female,8,Instagram,Lifestlye,United Kingdom,Rural,Software Engineer,11221,True,True,True
52,female,8,Instagram,Sports,United States,Sub_Urban,Student,12860,True,True,True
36,male,2,YouTube,Sports,United States,Rural,Software Engineer,18428,False,True,False
37,male,2,Instagram,Travel,Australia,Sub_Urban,Marketer Manager,19336,True,True,False
35,male,3,Instagram,Travel,Australia,Rural,Software Engineer,13253,False,False,False
64,male,3,Facebook,Sports,United States,Urban,Student,13782,False,False,True
58,male,1,Instagram,Sports,United States,Urban,Software Engineer,16957,False,False,False
31,female,3,YouTube,Travel,United Kingdom,Rural,Marketer Manager,10766,True,True,True
32,male,6,Facebook,Lifestlye,Australia,Rural,Software Engineer,12681,False,False,True
48,female,8,YouTube,Travel,United Kingdom,Urban,Student,17710,False,True,True
18,male,6,Facebook,Sports,United Kingdom,Rural,Student,17482,True,False,True
20,non-binary,5,Instagram,Lifestlye,United Kingdom,Sub_Urban,Marketer Manager,15086,True,True,False
33,female,4,Facebook,Sports,United States,Sub_Urban,Student,17964,False,False,True
40,non-binary,3,Facebook,Lifestlye,United Kingdom,Sub_Urban,Software Engineer,12665,True,False,True
28,female,4,Instagram,Sports,United Kingdom,Sub_Urban,Software Engineer,19951,True,False,False
29,non-binary,7,Instagram,Lifestlye,United States,Sub_Urban,Software Engineer,13513,False,True,False
27,male,1,YouTube,Lifestlye,Australia,Rural,Student,10495,False,True,False
49,male,7,YouTube,Sports,Australia,Rural,Software Engineer,15822,False,True,True
33,male,1,Instagram,Lifestlye,United Kingdom,Sub_Urban,Software Engineer,12072,True,False,False
25,female,2,Instagram,Travel,United States,Rural,Software Engineer,17795,True,True,True
55,non-binary,4,Instagram,Sports,Australia,Rural,Marketer Manager,18529,True,True,True
29,male,1,Facebook,Travel,United Kingdom,Sub_Urban,Student,13949,False,True,False
41,non-binary,9,Facebook,Sports,United Kingdom,Rural,Student,16033,True,True,False
45,non-binary,6,Facebook,Lifestlye,United States,Rural,Student,18328,True,True,False
25,male,1,Instagram,Lifestlye,United Kingdom,Rural,Marketer Manager,12555,False,True,True
45,male,1,YouTube,Lifestlye,Australia,Sub_Urban,Student,16370,False,False,True
53,non-binary,6,Instagram,Sports,United States,Rural,Marketer Manager,14415,False,False,True
43,male,4,Facebook,Travel,Australia,Urban,Marketer Manager,15959,True,True,True
25,male,4,Facebook,Travel,Australia,Urban,Student,19107,False,False,True
45,male,6,Instagram,Sports,Australia,Sub_Urban,Software Engineer,15993,True,False,True
45,female,7,Instagram,Sports,United Kingdom,Urban,Software Engineer,15021,True,True,False
54,non-binary,9,Facebook,Travel,United Kingdom,Sub_Urban,Student,12907,False,True,True
58,non-binary,5,Facebook,Travel,Australia,Urban,Student,12914,False,False,False
53,female,9,Facebook,Travel,Australia,Urban,Marketer Manager,13870,False,True,False
44,non-binary,4,Instagram,Travel,United States,Urban,Student,19190,False,False,False
34,male,2,Facebook,Sports,United States,Sub_Urban,Marketer Manager,15085,False,False,False
26,non-binary,3,Facebook,Sports,United Kingdom,Sub_Urban,Student,16546,True,False,False
50,male,1,YouTube,Lifestlye,United Kingdom,Rural,Software Engineer,10395,True,True,True
37,female,6,Instagram,Travel,United States,Sub_Urban,Software Engineer,10938,True,False,True
30,male,6,YouTube,Lifestlye,Australia,Urban,Student,19828,False,True,True
45,non-binary,1,YouTube,Sports,United Kingdom,Urban,Marketer Manager,12510,True,True,True
46,non-binary,3,Facebook,Sports,Australia,Sub_Urban,Software Engineer,14636,False,True,False
30,non-binary,5,Instagram,Lifestlye,United States,Sub_Urban,Marketer Manager,11649,False,True,False
63,female,3,Facebook,Travel,United Kingdom,Sub_Urban,Student,13690,True,True,False
52,female,3,Instagram,Travel,United Kingdom,Rural,Student,13435,True,False,True
23,non-binary,3,YouTube,Travel,United States,Urban,Software Engineer,13201,False,True,True
35,male,5,Instagram,Travel,United Kingdom,Rural,Student,14179,True,True,True
22,female,5,Facebook,Lifestlye,United States,Rural,Software Engineer,18405,False,True,True
64,non-binary,4,Facebook,Lifestlye,United Kingdom,Urban,Marketer Manager,13237,True,True,False
42,non-binary,1,Facebook,Sports,United States,Urban,Software Engineer,13862,True,True,False
19,female,5,Instagram,Travel,United Kingdom,Sub_Urban,Software Engineer,10058,True,False,True
27,female,5,YouTube,Travel,Australia,Sub_Urban,Marketer Manager,14938,True,True,True
47,female,4,YouTube,Travel,Australia,Rural,Software Engineer,12971,True,True,False
62,male,6,Instagram,Lifestlye,Australia,Sub_Urban,Software Engineer,19719,False,False,False
22,male,4,Facebook,Travel,United Kingdom,Sub_Urban,Student,18314,True,True,False
50,non-binary,7,YouTube,Lifestlye,United Kingdom,Urban,Marketer Manager,19628,True,False,False
18,female,7,Facebook,Travel,Australia,Urban,Software Engineer,19354,True,False,True
35,male,2,Instagram,Travel,Australia,Sub_Urban,Marketer Manager,13345,False,False,False
49,female,3,Facebook,Sports,United States,Urban,Marketer Manager,12486,False,False,False
64,non-binary,1,YouTube,Travel,United States,Sub_Urban,Software Engineer,10561,False,True,False
28,male,8,YouTube,Travel,United States,Urban,Student,13981,False,True,False
38,male,9,Facebook,Sports,Australia,Urban,Marketer Manager,16261,False,False,True
43,male,4,Instagram,Lifestlye,Australia,Urban,Software Engineer,11737,True,False,True
42,non-binary,6,Facebook,Lifestlye,Australia,Urban,Marketer Manager,19096,True,True,True
39,female,9,Instagram,Travel,United States,Sub_Urban,Student,13554,True,False,True
44,male,6,Facebook,Lifestlye,United Kingdom,Rural,Student,19918,False,False,True
30,non-binary,9,YouTube,Travel,Australia,Urban,Student,19126,False,False,True
50,female,4,Instagram,Sports,United Kingdom,Sub_Urban,Software Engineer,17095,True,True,False
51,non-binary,8,Instagram,Sports,United Kingdom,Sub_Urban,Software Engineer,18266,False,False,False
58,female,9,Instagram,Travel,United Kingdom,Urban,Student,10294,False,True,False
52,non-binary,4,YouTube,Sports,United States,Rural,Software Engineer,18212,False,True,False
18,female,5,Facebook,Sports,United Kingdom,Urban,Student,19230,True,True,True
38,male,8,YouTube,Travel,Australia,Sub_Urban,Software Engineer,15330,True,False,False
23,female,6,Instagram,Travel,United States,Rural,Student,14655,False,False,True
45,non-binary,7,Facebook,Sports,Australia,Sub_Urban,Marketer Manager,11109,False,True,False
34,non-binary,3,YouTube,Lifestlye,Australia,Urban,Student,13771,False,True,False
22,female,7,Instagram,Lifestlye,United States,Rural,Student,18563,False,True,False
48,male,8,Instagram,Travel,Australia,Sub_Urban,Software Engineer,16123,True,False,True
22,male,6,YouTube,Travel,Australia,Sub_Urban,Software Engineer,17647,False,False,False
55,female,9,YouTube,Lifestlye,United States,Sub_Urban,Software Engineer,11174,True,True,True
20,female,6,YouTube,Sports,Australia,Urban,Software Engineer,11164,True,True,True
40,non-binary,9,Instagram,Lifestlye,United Kingdom,Rural,Software Engineer,19284,True,False,False
54,male,4,YouTube,Lifestlye,Australia,Urban,Software Engineer,19475,False,True,True
54,female,8,Instagram,Lifestlye,United Kingdom,Urban,Marketer Manager,19037,True,False,True
27,male,4,YouTube,Lifestlye,Australia,Urban,Student,18712,True,False,False
27,female,2,Instagram,Travel,United States,Rural,Student,14466,False,True,False
36,female,9,Instagram,Travel,United States,Urban,Student,15538,False,True,False
34,male,5,Facebook,Sports,Australia,Urban,Marketer Manager,17111,False,False,False
38,female,4,YouTube,Sports,United States,Urban,Student,18434,True,False,False
31,female,2,YouTube,Sports,Australia,Urban,Marketer Manager,12800,False,False,False
26,non-binary,1,Instagram,Sports,United States,Sub_Urban,Marketer Manager,14607,True,False,True
63,female,7,Instagram,Lifestlye,United Kingdom,Urban,Marketer Manager,17262,True,False,False
18,female,6,Instagram,Travel,Australia,Sub_Urban,Student,11541,False,True,False
62,female,2,Facebook,Travel,United Kingdom,Urban,Marketer Manager,12765,True,False,True
30,non-binary,8,Facebook,Sports,United Kingdom,Rural,Student,14491,True,False,False
21,male,4,Instagram,Sports,Australia,Sub_Urban,Student,13083,True,False,True
18,non-binary,8,YouTube,Lifestlye,United Kingdom,Sub_Urban,Software Engineer,15356,True,True,False
57,non-binary,7,YouTube,Lifestlye,Australia,Sub_Urban,Software Engineer,11857,False,True,False
49,male,5,Facebook,Sports,United Kingdom,Sub_Urban,Marketer Manager,10769,True,False,True
51,non-binary,8,Facebook,Travel,Australia,Rural,Marketer Manager,11422,False,False,False
45,male,9,Instagram,Travel,Australia,Urban,Student,18598,True,True,True
48,non-binary,5,YouTube,Travel,United States,Sub_Urban,Marketer Manager,12972,True,True,False
25,male,5,Instagram,Sports,Australia,Rural,Marketer Manager,11872,False,True,False
56,female,2,Facebook,Travel,Australia,Sub_Urban,Student,15599,True,True,True
43,non-binary,5,YouTube,Lifestlye,United Kingdom,Urban,Marketer Manager,12269,True,False,False
51,non-binary,3,YouTube,Lifestlye,Australia,Sub_Urban,Marketer Manager,15275,True,True,False
20,non-binary,7,Facebook,Sports,United States,Rural,Student,14749,True,False,True
29,non-binary,5,Instagram,Lifestlye,United Kingdom,Urban,Student,16571,True,False,False
18,female,8,Instagram,Sports,United Kingdom,Rural,Software Engineer,19373,True,True,True
61,non-binary,1,YouTube,Travel,United States,Urban,Student,15072,False,True,False
22,female,3,Facebook,Travel,United Kingdom,Urban,Software Engineer,19631,False,True,True
47,female,3,YouTube,Travel,United Kingdom,Urban,Marketer Manager,15463,False,True,False
47,female,9,Facebook,Lifestlye,United Kingdom,Sub_Urban,Student,17450,True,False,True
34,female,5,Instagram,Sports,United Kingdom,Rural,Student,18420,True,False,True
64,male,9,Facebook,Travel,United States,Rural,Student,13959,True,False,False
40,male,9,Instagram,Sports,United States,Rural,Marketer Manager,11313,False,True,False
32,non-binary,1,Facebook,Travel,United Kingdom,Urban,Software Engineer,17847,True,False,True
54,male,2,YouTube,Lifestlye,United Kingdom,Sub_Urban,Marketer Manager,11070,False,True,False
38,male,5,Instagram,Lifestlye,United States,Urban,Marketer Manager,19166,True,False,True
31,non-binary,4,YouTube,Sports,United States,Rural,Student,19930,True,True,False
19,non-binary,9,YouTube,Lifestlye,United States,Sub_Urban,Software Engineer,13285,True,False,False
28,non-binary,7,Instagram,Lifestlye,United Kingdom,Sub_Urban,Marketer Manager,18949,False,False,True
56,male,6,Instagram,Sports,United Kingdom,Sub_Urban,Student,13095,True,True,True
55,male,7,YouTube,Travel,Australia,Rural,Marketer Manager,10320,False,False,False
51,non-binary,1,YouTube,Lifestlye,United States,Sub_Urban,Marketer Manager,12321,True,False,False
55,female,1,YouTube,Sports,United Kingdom,Sub_Urban,Student,10555,True,True,False
51,non-binary,8,YouTube,Lifestlye,United States,Urban,Student,14939,False,True,False
35,female,2,Instagram,Lifestlye,United Kingdom,Urban,Software Engineer,15432,True,True,False
47,female,9,Instagram,Lifestlye,United States,Sub_Urban,Marketer Manager,11386,True,True,True
32,non-binary,7,YouTube,Lifestlye,United Kingdom,Sub_Urban,Student,14763,True,True,False
44,non-binary,6,Facebook,Sports,Australia,Urban,Student,16854,True,False,False
51,non-binary,1,Facebook,Sports,Australia,Urban,Software Engineer,17637,False,True,True
55,male,1,Instagram,Sports,United States,Urban,Software Engineer,14841,False,False,True
50,female,2,YouTube,Lifestlye,United Kingdom,Rural,Student,13867,True,False,True
41,male,6,YouTube,Lifestlye,United Kingdom,Rural,Software Engineer,13793,True,True,False
32,male,6,Instagram,Lifestlye,United States,Urban,Student,17373,False,False,True
47,non-binary,2,Facebook,Sports,United Kingdom,Sub_Urban,Marketer Manager,12513,True,False,True
59,male,1,Facebook,Lifestlye,United States,Urban,Software Engineer,13803,False,True,True
34,non-binary,5,Facebook,Travel,United Kingdom,Rural,Marketer Manager,12327,True,False,True
22,female,5,Instagram,Lifestlye,United States,Sub_Urban,Marketer Manager,18809,False,True,False
46,non-binary,2,Facebook,Travel,United Kingdom,Rural,Marketer Manager,12165,False,True,False
21,male,6,Instagram,Lifestlye,United States,Sub_Urban,Student,13308,False,True,False
27,male,9,Instagram,Sports,United Kingdom,Rural,Marketer Manager,16452,False,False,True
34,non-binary,2,YouTube,Lifestlye,Australia,Sub_Urban,Marketer Manager,18067,True,False,True
27,non-binary,2,Facebook,Travel,United Kingdom,Sub_Urban,Marketer Manager,17642,True,False,True
34,male,3,Instagram,Travel,United States,Sub_Urban,Student,16404,False,False,True
37,female,7,Facebook,Lifestlye,Australia,Sub_Urban,Marketer Manager,10992,False,True,True
41,female,6,Facebook,Travel,United Kingdom,Rural,Marketer Manager,15424,False,False,True
22,non-binary,8,YouTube,Travel,Australia,Rural,Software Engineer,19569,False,True,False
51,female,8,Facebook,Sports,United Kingdom,Sub_Urban,Student,14381,True,False,False
23,male,6,YouTube,Lifestlye,Australia,Sub_Urban,Marketer Manager,13174,False,False,True
19,non-binary,3,Instagram,Lifestlye,United States,Rural,Software Engineer,14782,False,False,False
30,male,3,Facebook,Lifestlye,United Kingdom,Sub_Urban,Student,19497,False,False,True
60,male,1,Instagram,Travel,United Kingdom,Sub_Urban,Student,15560,False,False,True
60,female,7,Facebook,Lifestlye,United States,Sub_Urban,Student,17460,False,True,False
28,non-binary,5,Instagram,Lifestlye,Australia,Urban,Student,13078,False,False,True
64,non-binary,4,Facebook,Sports,United States,Sub_Urban,Student,12983,False,False,False
40,female,4,Facebook,Sports,United States,Urban,Student,17259,True,False,True
33,male,4,Facebook,Sports,Australia,Sub_Urban,Marketer Manager,16054,False,False,True
48,male,6,Facebook,Travel,United States,Rural,Marketer Manager,12523,False,True,False
28,male,8,Facebook,Lifestlye,United Kingdom,Urban,Marketer Manager,19677,False,False,True
33,male,8,Facebook,Sports,United Kingdom,Urban,Marketer Manager,14581,True,True,True
25,non-binary,5,Facebook,Sports,United Kingdom,Sub_Urban,Software Engineer,15609,True,False,True
21,non-binary,6,Facebook,Sports,United States,Sub_Urban,Marketer Manager,12001,True,True,False
57,female,4,Facebook,Lifestlye,United Kingdom,Urban,Student,11387,False,True,True
21,female,9,Instagram,Lifestlye,United Kingdom,Rural,Marketer Manager,16552,False,True,True
42,non-binary,8,YouTube,Lifestlye,United Kingdom,Rural,Marketer Manager,11030,False,True,True
20,non-binary,1,Facebook,Travel,United Kingdom,Sub_Urban,Student,19957,True,True,False
49,male,2,YouTube,Travel,United Kingdom,Rural,Marketer Manager,11220,False,False,False
20,male,9,Facebook,Sports,United Kingdom,Rural,Marketer Manager,16035,True,True,False
44,female,8,Facebook,Lifestlye,United States,Sub_Urban,Marketer Manager,19810,True,False,False
46,non-binary,3,Instagram,Sports,United Kingdom,Rural,Software Engineer,19455,True,True,False
49,female,8,Instagram,Lifestlye,United Kingdom,Sub_Urban,Marketer Manager,16523,True,True,True
36,non-binary,1,YouTube,Lifestlye,Australia,Urban,Student,18074,True,False,False
38,male,4,Instagram,Lifestlye,United States,Sub_Urban,Student,19063,False,True,False
22,female,3,Instagram,Travel,United States,Urban,Marketer Manager,10834,False,True,True
35,female,6,YouTube,Travel,United States,Urban,Marketer Manager,19110,True,True,False
45,non-binary,7,Instagram,Lifestlye,United States,Rural,Marketer Manager,11724,False,True,True
59,male,4,Facebook,Sports,United Kingdom,Rural,Student,16598,False,False,False
39,female,7,YouTube,Lifestlye,United Kingdom,Rural,Student,12413,True,True,True
38,male,9,YouTube,Lifestlye,Australia,Sub_Urban,Software Engineer,19505,True,True,True
23,female,2,Facebook,Sports,Australia,Rural,Software Engineer,15993,False,False,False
18,male,3,Instagram,Lifestlye,United States,Urban,Software Engineer,14498,False,False,False
22,non-binary,5,YouTube,Sports,Australia,Rural,Student,12105,False,True,True
58,female,3,YouTube,Travel,Australia,Rural,Software Engineer,12568,False,True,True
29,female,8,Facebook,Travel,United States,Sub_Urban,Marketer Manager,19330,True,False,True
43,male,8,Facebook,Sports,United States,Sub_Urban,Marketer Manager,10209,False,True,True
63,male,8,Instagram,Travel,Australia,Urban,Student,19256,True,False,True
51,female,9,YouTube,Travel,United Kingdom,Sub_Urban,Software Engineer,14911,True,True,True
31,non-binary,4,Instagram,Sports,Australia,Rural,Marketer Manager,12220,False,False,True
43,male,5,Instagram,Travel,Australia,Sub_Urban,Student,10233,False,False,False
62,male,5,Facebook,Lifestlye,United Kingdom,Urban,Software Engineer,10792,False,False,True
44,male,8,YouTube,Lifestlye,United Kingdom,Rural,Marketer Manager,13110,True,True,False
26,female,7,YouTube,Sports,United States,Urban,Software Engineer,12166,True,True,False
43,female,9,YouTube,Travel,United States,Sub_Urban,Student,18526,True,True,True
64,female,8,Facebook,Lifestlye,Australia,Sub_Urban,Software Engineer,19551,True,True,True
39,female,2,Facebook,Lifestlye,United Kingdom,Urban,Student,15193,False,False,False
64,non-binary,4,Facebook,Travel,United States,Rural,Software Engineer,11214,True,False,True
47,non-binary,6,Facebook,Travel,Australia,Sub_Urban,Marketer Manager,14419,True,False,True
60,female,2,Facebook,Lifestlye,United Kingdom,Sub_Urban,Student,17314,False,True,False
34,non-binary,7,YouTube,Lifestlye,Australia,Rural,Student,18475,True,True,False
43,male,3,Instagram,Sports,United States,Sub_Urban,Student,10212,True,True,False
53,male,3,YouTube,Sports,United States,Urban,Software Engineer,11658,False,False,True
18,male,2,Instagram,Lifestlye,United Kingdom,Sub_Urban,Software Engineer,15024,True,True,True
25,female,8,Facebook,Sports,Australia,Sub_Urban,Marketer Manager,19609,True,True,False
52,male,6,Instagram,Lifestlye,United Kingdom,Rural,Student,15917,True,False,True
32,non-binary,1,YouTube,Lifestlye,United States,Urban,Student,15141,True,False,False
64,female,1,YouTube,Sports,United States,Rural,Software Engineer,11794,False,True,True
39,non-binary,7,Instagram,Sports,Australia,Sub_Urban,Software Engineer,15988,True,False,False
31,male,8,Facebook,Travel,Australia,Sub_Urban,Marketer Manager,18296,False,True,True
43,male,5,Facebook,Travel,Australia,Rural,Marketer Manager,15578,True,False,False
45,male,5,YouTube,Travel,United Kingdom,Rural,Software Engineer,15551,False,False,True
40,female,4,Instagram,Lifestlye,Australia,Rural,Student,13845,False,False,True
31,non-binary,6,Facebook,Sports,Australia,Urban,Marketer Manager,16906,False,True,False
41,female,6,Facebook,Lifestlye,United States,Sub_Urban,Software Engineer,10378,True,True,True
19,female,3,YouTube,Sports,United States,Rural,Software Engineer,13293,True,True,True
62,male,9,Facebook,Lifestlye,Australia,Sub_Urban,Student,13329,True,False,False
43,female,7,Instagram,Travel,Australia,Urban,Software Engineer,14808,False,False,True
31,female,1,YouTube,Travel,United States,Urban,Software Engineer,17937,True,False,True
24,male,7,YouTube,Travel,Australia,Urban,Marketer Manager,10224,True,False,True
20,female,5,Instagram,Lifestlye,United Kingdom,Urban,Software Engineer,10737,True,True,False
64,male,5,YouTube,Sports,United Kingdom,Sub_Urban,Software Engineer,10235,True,True,False
40,male,2,Facebook,Sports,United Kingdom,Urban,Marketer Manager,10711,False,True,False
63,male,4,Facebook,Travel,Australia,Urban,Student,15988,False,False,False
60,male,6,Instagram,Travel,United States,Rural,Student,11888,True,False,False
64,female,7,Facebook,Travel,Australia,Urban,Marketer Manager,17173,True,True,True
62,male,5,Instagram,Travel,Australia,Rural,Marketer Manager,11259,True,False,True
35,male,9,Instagram,Sports,United States,Urban,Student,15246,False,True,False
55,female,3,Facebook,Lifestlye,United States,Urban,Student,17271,True,False,True
52,female,1,Instagram,Lifestlye,United States,Rural,Student,10748,False,False,True
32,non-binary,4,Facebook,Lifestlye,United Kingdom,Urban,Student,13551,False,True,True
42,female,9,YouTube,Lifestlye,Australia,Sub_Urban,Student,16400,True,True,True
54,female,4,YouTube,Travel,United States,Sub_Urban,Marketer Manager,16643,True,False,False
45,non-binary,2,Instagram,Travel,Australia,Urban,Software Engineer,18701,True,True,False
27,female,5,Facebook,Travel,United Kingdom,Sub_Urban,Student,11823,False,True,True
56,female,3,Facebook,Lifestlye,United Kingdom,Rural,Student,16852,False,False,True
34,female,9,YouTube,Travel,United States,Urban,Software Engineer,17777,True,False,False
56,female,4,YouTube,Travel,United States,Urban,Software Engineer,14232,False,False,True
39,non-binary,6,Facebook,Sports,Australia,Rural,Software Engineer,16519,True,True,True
43,female,2,Instagram,Sports,United States,Rural,Software Engineer,11777,True,False,True
61,female,6,YouTube,Travel,Australia,Rural,Software Engineer,11222,False,False,False
42,non-binary,3,Instagram,Sports,United States,Urban,Software Engineer,17630,False,False,False
34,male,9,Instagram,Sports,Australia,Rural,Marketer Manager,11777,False,False,True
30,non-binary,2,YouTube,Travel,Australia,Rural,Software Engineer,19496,False,False,True
37,male,9,Instagram,Travel,Australia,Sub_Urban,Software Engineer,17490,True,True,True
42,non-binary,5,Instagram,Travel,Australia,Sub_Urban,Marketer Manager,14859,True,False,True
21,non-binary,8,Facebook,Travel,United Kingdom,Urban,Software Engineer,18893,True,False,True
27,female,2,Instagram,Lifestlye,Australia,Sub_Urban,Student,18118,False,True,True
20,male,6,Facebook,Lifestlye,United States,Sub_Urban,Student,12989,True,False,False
58,female,3,YouTube,Travel,United Kingdom,Rural,Software Engineer,18343,False,False,False
62,male,5,YouTube,Sports,United Kingdom,Rural,Marketer Manager,11325,False,True,True
35,non-binary,8,Facebook,Travel,Australia,Sub_Urban,Student,19493,False,False,False
64,non-binary,1,YouTube,Travel,United Kingdom,Sub_Urban,Marketer Manager,19903,True,True,True
53,male,5,Instagram,Sports,Australia,Sub_Urban,Student,15127,False,False,True
64,female,3,Instagram,Lifestlye,United States,Urban,Software Engineer,18998,False,True,False
39,female,4,Instagram,Travel,Australia,Urban,Marketer Manager,12722,False,True,False
51,female,2,YouTube,Travel,United Kingdom,Urban,Marketer Manager,14656,False,False,True
64,female,9,Instagram,Lifestlye,United States,Sub_Urban,Marketer Manager,11325,False,True,True
25,non-binary,3,YouTube,Lifestlye,Australia,Sub_Urban,Student,14133,False,True,False
57,non-binary,2,Instagram,Sports,United States,Urban,Student,19351,False,False,False
61,non-binary,9,Facebook,Lifestlye,United States,Urban,Student,12869,False,False,True
36,non-binary,7,YouTube,Lifestlye,United Kingdom,Sub_Urban,Software Engineer,11242,False,True,True
59,non-binary,6,YouTube,Lifestlye,United States,Rural,Student,18539,False,False,True
58,female,1,Instagram,Sports,United Kingdom,Urban,Software Engineer,11831,False,True,False
54,female,5,YouTube,Lifestlye,United States,Sub_Urban,Marketer Manager,11569,False,True,True
23,female,3,YouTube,Lifestlye,Australia,Sub_Urban,Marketer Manager,17246,True,False,False
43,female,1,Facebook,Sports,United States,Rural,Software Engineer,11918,True,False,True
51,non-binary,4,Facebook,Lifestlye,Australia,Sub_Urban,Student,16416,False,True,False
62,non-binary,2,Instagram,Lifestlye,Australia,Sub_Urban,Software Engineer,13232,False,False,False
23,non-binary,2,Facebook,Sports,United States,Urban,Marketer Manager,13758,False,False,False
54,male,3,Instagram,Travel,Australia,Urban,Marketer Manager,15997,True,True,False
50,female,8,Instagram,Sports,United States,Rural,Software Engineer,12355,True,True,True
39,female,8,Instagram,Lifestlye,United States,Rural,Student,19589,True,True,False
38,non-binary,7,YouTube,Lifestlye,Australia,Sub_Urban,Student,11824,False,True,False
23,female,6,Facebook,Lifestlye,Australia,Urban,Software Engineer,17280,False,True,False
23,female,9,Instagram,Sports,United Kingdom,Rural,Software Engineer,14060,False,True,True
21,non-binary,4,Facebook,Lifestlye,Australia,Rural,Student,15324,False,False,True
47,male,1,Instagram,Lifestlye,United Kingdom,Rural,Marketer Manager,10404,True,True,True
28,male,8,Facebook,Sports,Australia,Sub_Urban,Software Engineer,11721,False,False,True
47,male,7,Facebook,Travel,United States,Urban,Student,15316,True,False,True
48,non-binary,7,Instagram,Travel,Australia,Rural,Student,13845,True,True,True
41,female,3,YouTube,Lifestlye,United States,Urban,Marketer Manager,14210,False,False,False
26,non-binary,4,Facebook,Sports,United States,Rural,Marketer Manager,10064,True,True,False
20,non-binary,9,YouTube,Lifestlye,United States,Rural,Marketer Manager,19491,True,False,False
48,female,6,YouTube,Sports,United Kingdom,Urban,Marketer Manager,16382,True,True,True
57,male,5,Instagram,Sports,Australia,Urban,Marketer Manager,19607,True,True,False
54,male,3,Instagram,Travel,United States,Urban,Software Engineer,10968,False,True,False
53,non-binary,9,Instagram,Travel,United States,Sub_Urban,Student,10368,False,True,True
41,male,5,Facebook,Sports,United Kingdom,Rural,Software Engineer,18424,True,False,False
48,non-binary,5,Instagram,Lifestlye,Australia,Sub_Urban,Software Engineer,12242,False,False,True
23,non-binary,4,Instagram,Travel,Australia,Urban,Software Engineer,15002,True,False,False
19,female,4,Facebook,Lifestlye,United Kingdom,Rural,Software Engineer,13083,False,False,True
37,female,1,Facebook,Travel,United Kingdom,Sub_Urban,Software Engineer,18073,False,False,True
45,female,7,Instagram,Travel,Australia,Rural,Marketer Manager,19112,False,True,True
28,non-binary,9,Instagram,Lifestlye,United Kingdom,Sub_Urban,Marketer Manager,18880,False,True,False
21,female,3,Instagram,Travel,Australia,Urban,Student,11469,False,True,False
32,male,2,Instagram,Travel,Australia,Sub_Urban,Software Engineer,14725,True,True,True
23,male,3,YouTube,Lifestlye,United States,Rural,Student,14259,False,True,True
47,non-binary,1,YouTube,Travel,United States,Rural,Marketer Manager,13622,True,False,False
55,non-binary,6,Instagram,Travel,Australia,Rural,Marketer Manager,10823,True,True,False
19,female,7,YouTube,Travel,Australia,Rural,Marketer Manager,13431,False,True,True
32,non-binary,2,Facebook,Lifestlye,Australia,Urban,Software Engineer,16528,True,False,False
28,non-binary,8,YouTube,Sports,Australia,Sub_Urban,Software Engineer,14151,False,False,False
25,male,6,YouTube,Lifestlye,Australia,Urban,Marketer Manager,14213,True,True,False
43,male,4,Instagram,Sports,Australia,Urban,Student,17420,True,True,True
62,female,5,YouTube,Travel,United Kingdom,Urban,Student,18989,False,False,True
61,non-binary,8,YouTube,Sports,Australia,Rural,Marketer Manager,10779,False,True,False
22,non-binary,3,YouTube,Lifestlye,United Kingdom,Rural,Student,12892,False,True,True
23,male,3,YouTube,Lifestlye,United Kingdom,Rural,Marketer Manager,15534,False,True,False
43,non-binary,4,Facebook,Travel,Australia,Sub_Urban,Student,13306,True,False,False
21,male,1,Instagram,Sports,Australia,Rural,Marketer Manager,12902,False,True,True
36,female,9,Instagram,Travel,United Kingdom,Sub_Urban,Student,13718,True,True,True
37,male,8,Facebook,Travel,United Kingdom,Rural,Software Engineer,10021,True,False,True
50,non-binary,8,YouTube,Lifestlye,Australia,Rural,Marketer Manager,11500,True,False,False
37,female,6,Facebook,Sports,Australia,Urban,Marketer Manager,19034,True,False,False
29,male,7,YouTube,Sports,United Kingdom,Urban,Student,19952,True,True,True
64,male,6,Facebook,Sports,United Kingdom,Urban,Marketer Manager,13641,True,False,True
18,female,9,Instagram,Sports,United Kingdom,Sub_Urban,Marketer Manager,15212,False,True,True
43,female,3,Instagram,Travel,United States,Sub_Urban,Marketer Manager,10191,True,False,False
31,male,3,Instagram,Travel,United Kingdom,Rural,Software Engineer,18587,True,True,False
55,non-binary,3,YouTube,Lifestlye,United States,Sub_Urban,Software Engineer,17174,True,False,False
54,male,3,YouTube,Travel,Australia,Rural,Student,15114,False,True,True
28,female,9,Facebook,Travel,Australia,Sub_Urban,Software Engineer,14662,False,True,True
53,male,4,Facebook,Lifestlye,United Kingdom,Sub_Urban,Student,14326,True,False,False
30,female,7,Instagram,Lifestlye,Australia,Sub_Urban,Software Engineer,19065,False,False,True
60,female,9,YouTube,Lifestlye,Australia,Urban,Student,14335,True,True,True
20,non-binary,7,Facebook,Travel,Australia,Sub_Urban,Software Engineer,18281,False,False,True
50,female,9,YouTube,Travel,Australia,Urban,Software Engineer,18648,True,True,True
23,female,3,YouTube,Lifestlye,United States,Urban,Student,19196,False,False,False
27,non-binary,4,Instagram,Lifestlye,United States,Sub_Urban,Marketer Manager,15494,False,False,True
22,female,8,Instagram,Lifestlye,United Kingdom,Rural,Marketer Manager,18536,False,True,False
40,non-binary,6,YouTube,Travel,United Kingdom,Rural,Software Engineer,12711,True,False,False
27,non-binary,5,YouTube,Travel,United Kingdom,Rural,Student,17595,True,False,True
61,female,4,YouTube,Sports,Australia,Sub_Urban,Marketer Manager,16273,True,True,False
19,female,8,YouTube,Travel,Australia,Rural,Student,16284,False,True,False
